INSERT INTO `Categorie` (`categorieId`, `type`) VALUES
(1, 'Social'),
(2, 'Education'),
(3, 'Sportif');

INSERT INTO `Utilisateur` (`utilisateurId`, `dateCreation`, `email`, `image`, `nom`, `password`, `prenom`) VALUES
(1, '2016-03-25 14:53:14', 'zalarhe.sara@hotmail.fr', 'image/avatar/avatar1.png', 'zalarhe', 'f7c3bc1d808e04732adf679965ccc34ca7ae3441', 'sara'),
(2, '2016-03-25 16:02:37', 'adrien.caselles@gmail.com', 'image/avatar/avatar5.png', 'caselles', 'f7c3bc1d808e04732adf679965ccc34ca7ae3441', 'adrien');

INSERT INTO `Projet` (`projetId`, `dateCreation`, `dateFindeCampagne`, `image`, `nom`, `objectif`, `presentation`, `statut`, `categorieId`, `utilisateurId`) VALUES
(1, NULL, '2016-06-28 00:00:00', 'image/imageProjet/projet1.jpeg', 'Aidez nos Jeunes Handis à sourire', 3000, '<h2>MON PROJET</h2><p>Comme vous le savez, avec mes amis de l&apos;HBB (Hospitalit&eacute; Basco-B&eacute;arnaise)<span>&nbsp;</span><strong>nous souhaitons accompagner 11 de nos Jeunes Handis, &agrave; la Journ&eacute;e Mondiale de la Jeunesse&nbsp;</strong>qui aura lieu du 25 juillet au 1er ao&ucirc;t 2016 &agrave;<span>&nbsp;</span><strong>Cracovie</strong><span>&nbsp;</span>en Pologne.</p><h2>QUI SOMMES-NOUS?</h2><p><strong>&nbsp;L&rsquo;Hospitalit&eacute; Basco-B&eacute;arnaise</strong> (HBB) est une association loi 1901 forte de 2500 hospitaliers, hommes et femmes venus de tout le d&eacute;partement, b&eacute;n&eacute;voles au service des personnes malades et handicap&eacute;es du Pays Basque et du B&eacute;arn.<br><strong>Le Service des Jeunes Handis</strong> (SJH) accueille environ 60 enfants et jeunes de moins de 35 ans de tous les secteurs durant le p&egrave;lerinage &agrave; Lourdes. Malade ou porteur d&rsquo;un handicap, seul ou accompagn&eacute; d&rsquo;un parent, chaque jeune est invit&eacute; &agrave; vivre un temps fort en dehors du quotidien. Faisant partie int&eacute;grante de l&rsquo;HBB, ce service propose cependant des temps sp&eacute;cifiques (messe adapt&eacute;e, jeux sur le th&egrave;me de l&rsquo;ann&eacute;e et veill&eacute;e festive). Pendant l&rsquo;ann&eacute;e, outre les rencontres propos&eacute;es par les secteurs, les jeunes peuvent &ecirc;tre invit&eacute;s &agrave; participer &agrave; d&rsquo;autres moments de partage privil&eacute;gi&eacute;s (Journ&eacute;e Dioc&eacute;saine des Jeunes, week-end handiski, <strong>Journ&eacute;es Mondiales de la Jeunesse</strong>, etc.)</p><h2>A QUOI SERVIRA LA COLLECTE ?</h2><p>La Pologne, c&rsquo;est bien, mais c&rsquo;est loin !</p><p><strong>Pour tenir compte des contraintes li&eacute;es au handicap, l&rsquo;HBB a opt&eacute; pour un transport des participants en avion. Il n&rsquo;est en effet pas envisageable de faire faire le voyage d&rsquo;une traite en autocar aux jeunes en situation de handicap</strong>, et les haltes indispensables rench&eacute;rissent trop le poste transport (arr&ecirc;ts fr&eacute;quents &agrave; combiner avec les pauses l&eacute;gales des chauffeurs, recherche d&rsquo;un h&eacute;bergement, repas suppl&eacute;mentaires, etc.). <strong>Le co&ucirc;t du transport en avion s&rsquo;&eacute;l&egrave;vera environ &agrave; 600&euro; par participant.</strong> De plus, le co&ucirc;t du PASS JMJ (comprenant l&rsquo;h&eacute;bergement et la restauration) s&rsquo;&eacute;l&egrave;vera &agrave; environ 200 &euro; pour la semaine &agrave; Cracovie hors transport. Enfin, des frais annexes viendront compl&eacute;ter notre budget.</p><p><strong>La participation aux Journ&eacute;es Mondiales de la Jeunesse est financ&eacute;e par chaque participant.&nbsp;</strong>L&rsquo;Hospitalit&eacute; Basco-B&eacute;arnaise souhaite que l&rsquo;aspect financier ne soit pas un frein &agrave; la participation des jeunes porteurs d&rsquo;un handicap.</p><p>La mise en place de ce projet implique un engagement et un investissement personnel important (organisation et r&eacute;unions de pr&eacute;paration pendant plus d&rsquo;un an, prise de cong&eacute;s par les b&eacute;n&eacute;voles, constitution d&rsquo;&eacute;quipes compos&eacute;es de deux hospitaliers pour une personne malade ou handicap&eacute;e de fa&ccedil;on &agrave; assurer une prise en charge dans de bonnes conditions 24h/24, etc.).<strong>&nbsp;L&rsquo;aspect financier ne doit pas non plus &ecirc;tre un frein &agrave; la participation des b&eacute;n&eacute;voles qui accompagneront les jeunes et sans lesquels ce beau projet ne pourrait voir le jour.&nbsp;</strong></p><p><img class="fr-dib fr-draggable" src="image/imageProjet/projet1.jpeg" style="width: 461px;"><br></p><p><em>Des actions seront mises en &oelig;uvre dans tout le dioc&egrave;se par des groupes d&rsquo;aum&ocirc;neries ou de paroisses pour permettre de r&eacute;colter des fonds d&rsquo;ici &agrave; juillet 2016 : concerts/spectacles, vides greniers, etc. Mais les contraintes li&eacute;es au handicap compliquent la mise en place de nombreuses actions pour le groupe de l&rsquo;HBB.&nbsp;</em></p><h2>LES CONTREPARTIES</h2><p>Merci de contribuer &agrave; notre projet !&nbsp;</p><p>Vous trouverez des petites attentions en fonction de votre participation !</p><p><br><br><br></p>', 1, 1, 1),
(2, NULL, '2016-05-05 00:00:00', 'image/imageProjet/image2.jpg', 'Opération 1 Feuille / 1 Stylo 2016', 5000, '<p>Nous avons pour projet de pouvoir venir en aide au <strong>Coll&egrave;ge El&eacute;mentaire G&eacute;n&eacute;rale &nbsp;d&apos;Analamahitsy</strong>dans la Capitale d&apos;<strong>Antananarivo</strong> dans le 5 &egrave;me arrondissement &agrave; Madagascar sous la direction de<strong>Mme Hanitra directrice de l&apos;&eacute;tablissemen</strong>t ainsi que notre repr&eacute;sentante sur place <strong>Mme Elinah &nbsp;Randrianarison professeur d&apos;Histoire / G&eacute;ographie au CEG</strong>.</p><p>Nous voulons apporter une aide en fournitures scolaires et en livres , et alimenter les classes en trousses de secours , apporter &eacute;galement un rafra&icirc;chissement des locaux .</p><p>Le projet se d&eacute;roulera avec notre Parrain Artiste au mois de Septembre / Octobre 2016 ainsi que notre &eacute;quipe sur place.</p><p>Un concert avec notre parrain aura lieu &eacute;galement afin de cl&ocirc;turer la mission ...</p><p>Je vous laisse suivre l&apos;avancer de nos missions sur notre site web : <a href="http://association-actions-pour-tous.webnode.fr/" target="_blank">#link-863-611</a></p><h2>QUI SUIS-JE?</h2><p>Je suis un jeune homme de 32 ans pr&eacute;sident fondateur de l&apos;Association Actions Pour Tous et ancien militaire de 7 ans d&apos;Arm&eacute;e de terre.</p><p>Ayant particip&eacute; &agrave; une op&eacute;ration ext&eacute;rieure en C&ocirc;te d&apos;Ivoire en 2004 en pleine guerre civile, j&apos;ai pu cohabiter avec les familles dans les villages les plus d&eacute;munis de l&apos;Ouest du pays.</p><p>&nbsp;J&apos;ai pu m&rsquo;apercevoir &nbsp;des difficult&eacute;s de l&apos;Afrique et de leur mode de vie.</p><p>&nbsp;j&apos;ai pu &eacute;changer avec les familles et donner toutes mes propres affaires &agrave; des enfants .</p><p>Aujourd&apos;hui je souhaite me battre avec mon c&oelig;ur afin de donner un peu d&apos;amour et de temps &agrave; tous ses enfants.</p><p>Nous somme une association humanitaire &quot;- A BUT NON LUCRATIF&quot; pour le d&eacute;veloppement en Afrique , afin de venir en aide aux villages les plus d&eacute;munis d&apos;Afrique , d&eacute;clar&eacute; en sous pr&eacute;fecture de Brignoles Var 83.</p><h2>A QUOI SERVIRA LA COLLECTE ?</h2><p>La collecte servira &agrave; pouvoir<span>&nbsp;</span><strong>alimenter</strong><span>&nbsp;</span>l&apos;&eacute;cole d&apos;<em>Analamahitsy</em><span>&nbsp;</span>en<span>&nbsp;</span><strong>fournitures scolaires ,<span>&nbsp;</span></strong>pour<span>&nbsp;</span><strong>1210 &eacute;l&egrave;ves&nbsp;</strong>et &eacute;galement d&apos;apporter un<strong>&nbsp;rafra&icirc;chissement des locaux</strong>, ainsi qu&apos;un <strong>apport en livres scolaires</strong> et en<span>&nbsp;</span><strong>Trousses de secours</strong><span>&nbsp;</span>afin de pouvoir les soutenir tout au long de leurs ann&eacute;es scolaires et qu&apos;ils puissent travailler dans de bonne condition .<u>Nous avons besoin</u> de la somme de <strong>2000 euros</strong> afin de pouvoir acheter le mat&eacute;riel n&eacute;cessaire au rafra&icirc;chissement des locaux et 500 euros seront d&eacute;di&eacute;s &agrave; financer quelques trousses de secours pour les classes.<br>Une r&eacute;colte de fourniture est en cours ici en France. <br>&nbsp;On compte sur votre bon c&oelig;ur <img class="fr-dib fr-draggable" src="image/imageProjet/image2.jpg" style="width: 552px;"><br><br></p><h2>LES CONTREPARTIES</h2><p>les frais de port sont offerts ...</p>', 1, 2, 1),
(3, NULL, '2016-09-01 00:00:00', 'image/imageProjet/projet31.jpg', 'Lancer la marque Bik''Alpes !', 3000, '<h2>MON PROJET</h2><p><strong>Bik&apos;Alpes</strong> est une jeune marque fran&ccedil;aise de v&eacute;lo de course. N&eacute;e de l&apos;id&eacute;e d&apos;un comp&eacute;titeur passionn&eacute;, l&apos;objectif de notre marque est de proposer des v&eacute;los haut de gamme en carbone accessibles &agrave; tous les portes-monnaies !</p><p>D&eacute;j&agrave; pr&eacute;sent sur les v&eacute;lodromes de Gen&egrave;ve et Grenoble, je veux d&eacute;sormais conqu&eacute;rir les routes en vous proposant des cadres de routes et de contre-la-montre.&nbsp;</p><p>De plus, vivant dans une ville &eacute;colo, j&apos;aimerai d&eacute;velopper toute une gamme de fixies, car le v&eacute;lo n&apos;est pas r&eacute;serv&eacute; qu&apos;aux sportifs aguerris, c&apos;est aussi un moyen de transport &eacute;colo et tendance id&eacute;al pour se d&eacute;placer dans une grande ville comme Grenoble ou Lyon ! Pas besoin d&apos;&ecirc;tre cycliste pour enfourcher un joli v&eacute;lo et avoir du style !</p><p><img class="fr-dib fr-draggable" src="image/imageProjet/projet31.jpg" style="width: 535px;"></p><p><img class="fr-dib fr-draggable" src="image/imageProjet/projet31.jpg" style="width: 534px;"></p><h2>QUI SUIS-JE?</h2><p>Je m&apos;appelle <strong>Bastien</strong>, j&apos;ai 24 ans.&nbsp;</p><p>Je suis cycliste de haut niveau au sein de la <strong>Team Probikeshop Saint Etienne Loire</strong>, en division nationale 1. Depuis 10 ans je baigne dans ce milieu, entre comp&eacute;tition et passion, c&apos;est pourquoi aujourd&apos;hui il m&apos;est impensable de diriger ma vie professionnelle vers autre chose que le v&eacute;lo !&nbsp;</p><p>Heureux papa d&apos;un petit gar&ccedil;on de 9 mois, j&apos;esp&egrave;re aussi par le biais de mon projet transmettre ma passion &agrave; mon fils pour qu&apos;il connaisse comme moi tout l&apos;univers de ce sport.</p><p>Avec les ann&eacute;es, ce qui m&apos;a le plus marqu&eacute; dans ce sport, c&apos;est aussi la difficult&eacute; pour les jeunes (et leurs parents) a pouvoir s&apos;offrir du mat&eacute;riel performant. En effet, un cadre en carbone peut atteindre des prix astronomiques !&nbsp;</p><p>Or, mon objectif est de les rendre accessibles car j&apos;ai moi m&ecirc;me connu cette difficult&eacute;. Ainsi, gr&acirc;ce &agrave; Bik&apos;Alpes vous pourrez vous offrir un cadre carbone au prix d&apos;un cadre alu chez certaines marques ;)&nbsp;</p><h2>LES CONTREPARTIES</h2><p>En &eacute;change de votre contribution, quelle qu&apos;elle soit, nous vous offrons toute notre gratitude bien s&ucirc;r et vous aurez votre nom sur une page d&eacute;di&eacute;e sur notre site internet ! &nbsp;Certains de vos pr&eacute;noms seront peut &ecirc;tre aussi s&eacute;lectionn&eacute;s pour nommer nos nouveaux mod&egrave;les de cadres ;)&nbsp;</p><p>De plus, selon votre contribution, nous vous distribuerons ou enverrons chez vous &agrave; la fin de la campagne des produits d&eacute;riv&eacute;s : tee-shirts, lunettes de soleil et portes-bidons en carbone !</p><p>Pour les donateurs les plus g&eacute;n&eacute;reux, des surprises les attendent &agrave; la hauteur de leur don !&nbsp;</p><p>Merci en tout cas &agrave; tous pour votre confiance et votre aide !</p>', 1, 3, 1),
(4, NULL, '2017-01-01 00:00:00', 'image/imageProjet/image1.jpg', 'Action Humanitaire  en Afrique', 10000, '<h5>Notre mission</h5><p><strong>AHSECA</strong><span>&nbsp;</span>est l&apos;oeuvre de quelques amis b&eacute;n&eacute;voles, d&eacute;termin&eacute;s &agrave; pourvoir des aides multiformes aux populations de pays d&apos;Afrique qui en ont r&eacute;ellement besoin. Ces aides s&apos;expriment par le biais de moyens mat&eacute;riels, financiers et humains pour l&apos;&eacute;ducation, la sant&eacute; publique et la culture des populations d&apos;Afrique.<span>&nbsp;</span></p><p>Les moyens visant l&apos;&eacute;ducation sont en priorit&eacute; destin&eacute;s aux enfants en &acirc;ge scolaire ou en difficult&eacute; car c&apos;est par l&apos;&eacute;ducation que le d&eacute;veloppement se solidifie; les moyens de sant&eacute; publique et de culture sont directement d&eacute;ploy&eacute;s aupr&egrave;s des populations locales par des membres de l&apos;association.</p><p>Sur environ 7 milliards d&apos;&ecirc;tres humains dans le monde en 2013, l&apos;Afrique en regroupe un peu plus d&apos;1 milliard, repr&eacute;sentant 15% de la population mondiale. La moiti&eacute; de la population africaine a moins de 17 ans lorsque la valeur m&eacute;diane mondiale se situe &agrave; 23 ans. Ajout&eacute; &agrave; cela une politique familiale presque inexistante et la moiti&eacute; du peuple vivant en-dessous du seuil de pauvret&eacute; (moins d&apos;1,5 euro / jour), il nous &eacute;tait &eacute;vident de mettre un premier point d&apos;encrage sur les enfants, cette &quot;future afrique&quot;.</p><p><img class="fr-dib fr-draggable" src="image/imageProjet/image1.jpg" style="width: 590px;"></p><p>AHSECA n&apos;a aucune orientation politique, ni religieuse et ne fait partie d&apos;aucun groupe national ou international. Tous nos membres sont motiv&eacute;s par la conviction que l&apos;action solidaire repr&eacute;sente une chance pour la r&eacute;conciliation entre les peuples et la paix.</p><h5>Les actions de notre association</h5><h4>Sant&eacute; &ndash; &Eacute;ducation &ndash; Culture sont les trois objectifs qui animent l&rsquo;action d&rsquo;AHSECA.</h4><p>La R&eacute;publique de Guin&eacute;e (ancienne colonie fran&ccedil;aise) est le premier pays dans lequel nous avons commenc&eacute; nos actions. La Guin&eacute;e est l&apos;un des pays situ&eacute;s en Afrique de l&apos;ouest, et se compose de 4 r&eacute;gions principales.<br>La basse-guin&eacute;e &eacute;tant l&apos;une de ces r&eacute;gions, c&apos;est l&agrave; que nous agissons actuellement. Elle est la r&eacute;gion clef du pays incluant notamment la capitale: Conakry.<br><br><strong>Actions pass&eacute;es -</strong><br><br><strong>A) Dans le domaine de la Sant&eacute;:</strong><br><br>- un don de 80 tonnes d&apos;&eacute;quipement m&eacute;dical (moniteurs de pression art&eacute;rielle, pompes &agrave; perfusion, acc&eacute;l&eacute;rateurs de perfusion, pousse-seringues, &eacute;chographes, lits de b&eacute;b&eacute;, ventilateurs pulmonaires, d&eacute;fibrillateurs, moniteurs &agrave; &eacute;cran, fauteuils roulant, d&eacute;ambulateurs, amplificateurs de brillance, microscope binoculaire, sondes urinaires et gastriques, unit&eacute;s de dialyse, microscopes op&eacute;ratoires laryng&eacute;e), et de consommables (Kits pour soins, etc) pour l&apos;H&ocirc;pital de Kamsar, un des plus grands h&ocirc;pitaux de Guin&eacute;e, et 9 dispensaires (centres de sant&eacute;) de la r&eacute;gion<br><br>- dons de v&ecirc;tements, de linge et de layettes, dans les services de p&eacute;diatrie et de maternit&eacute; de l&apos;h&ocirc;pital de Kamsar et aux divers dispensaires<br><br>- d&eacute;pistages visuels et auditifs dans une vingtaine d&apos;&eacute;tablissements scolaires avec la participation b&eacute;n&eacute;vole des m&eacute;decins guin&eacute;ens; distribution de lunettes pharmaceutiques; prise en charge d&apos;interventions chirurgicales oculaires et achat de m&eacute;dicaments sur place.<br><br><br><strong>B) Dans le domaine de l&apos;Education et de la Culture:</strong><br><br>- cr&eacute;ation de biblioth&egrave;ques dans deux &eacute;coles primaires majeures de basse-guin&eacute;e: Barenfory et Farmoriah, incluant la distribution de livres scolaires et de livres de biblioth&egrave;que ainsi que la distribution de fournitures scolaires (environ 25 tonnes)<br><br>- travaux de r&eacute;novation de la biblioth&egrave;que de Kamsar (grande biblioth&egrave;que de la r&eacute;gion de basse-guin&eacute;e) et dons de livres<br><br>- cr&eacute;ation d&apos;ateliers au sein de la biblioth&egrave;que: alphab&eacute;tisation, informatique, centre de loisirs pour enfants, apprentissage de couture<br><br>- organisation de concours inter-&eacute;coles annuels<br><br>- soutien financier individuel d&apos;un an (bourse d&apos;&eacute;tude) pour un jeune adulte choisi parmi des &eacute;tudiants en fin de parcours universitaire (un soutien tous les 6 mois)<br><br>- autres travaux r&eacute;alis&eacute;s: panneaux solaires pour une s&eacute;rie de dispensaires &agrave; travers le pays, climatisation de la biblioth&egrave;que de Kamsar, construction d&apos;un h&eacute;bergement au sein des &eacute;tablissements cl&eacute;s de Barenfory et Farmoriah pour le directeur de l&apos;&eacute;cole, construction de latrines (toilettes) et cl&ocirc;tures dans diff&eacute;rents &eacute;tablissements de la basse-guin&eacute;e ainsi qu&apos;au mus&eacute;e de Bok&eacute; (mus&eacute;e reconnu du pays).<br><br><br><strong>Dans les mois &agrave; venir, nous aurions BESOIN DE VOUS afin de:</strong><br><br><strong>1/</strong> acqu&eacute;rir des mat&eacute;riels m&eacute;dicaux de base, soit:<br>20 tensiom&egrave;tres 2 frontofocom&egrave;tres 10 dopplers 15 pelvim&egrave;tres 1 radiologie mobile<br>Ce mat&eacute;riel m&eacute;dical sera directement d&eacute;ploy&eacute; aux h&ocirc;pitaux et dispensaires de la r&eacute;gion de la basse-guin&eacute;e.<br><br><strong>2/</strong> dans la prise en charge des transports des consommables pour le service p&eacute;diatrique des h&ocirc;pitaux de Conakry (la capitale de la Guin&eacute;e).<br><br><strong>3/</strong> dans la r&eacute;paration et &eacute;quipement d&apos;une ambulance d&eacute;j&agrave; sur place (dispensaire de Kamsar).<br><br><strong>4/</strong> poursuivre la r&eacute;novation de certains dispensaires et h&ocirc;pitaux dans diverses villes et villages de la Guin&eacute;e via notamment la construction de puits et d&apos;installation de panneaux solaires o&ugrave; l&apos;&eacute;lectricit&eacute; et l&apos;eau sont quasiment inexistants<br><br><strong>5/</strong> poursuivre l&apos;approvisionnement de livres de biblioth&egrave;ques dans les biblioth&egrave;ques de la basse-guin&eacute;e.<br><br><br><strong>AHSECA vous remercie d&apos;avance de soutenir les plus d&eacute;munis de ce monde de fa&ccedil;on efficace.</strong></p>', 1, 1, 2);

INSERT INTO `Recompense` (`recompenseId`, `description`, `montant`, `projetId`) VALUES
(1, 'porte clé', 50, 1),
(2, 'poster', 10, 2),
(3, 'Ballon dédicacé', 10, 3);

INSERT INTO `Commentaire` (`ComId`, `date`, `description`, `projetId`, `utilisateurId`) VALUES
(1, '2016-03-25 15:58:56', 'bonne chance et vive le velo', 3, 1),
(2, '2016-03-25 16:04:28', 'allez go..vive le vélo', 3, 2),
(3, '2016-03-25 16:06:31', 'BONNE CHANCE EN ESPÉRANT QUE VOUS ALLEZ AVOIR LES 3000 EUROS^^', 1, 2),
(4, '2016-03-25 16:23:07', 'Une très bonne action!', 4, 1);

INSERT INTO `Don` (`donId`, `date`, `montant`, `projetId`, `utilisateurId`) VALUES
(1, '2016-03-25 15:58:27', 367, 3, 1),
(2, '2016-03-25 16:03:20', 1038, 2, 2),
(3, '2016-03-25 16:04:06', 671, 3, 2),
(4, '2016-03-25 16:05:03', 32, 1, 2),
(5, '2016-03-25 16:21:49', 511, 4, 1);

